n,graphType,laplacianEntropy,adjacencyEntropy,entropyRatio,eulerCharacteristic,torusLatticeLaplacianRatio
2,Complete Graph,1.386294,0.000000,0.000000,1,
2,Path Graph,1.386294,0.000000,0.000000,1,
2,Cycle Graph,1.386294,0.000000,0.000000,1,
2,Complete Bipartite,1.386294,0.000000,0.000000,1,
2,Star Graph,1.386294,0.000000,0.000000,1,
2,Random Tree,1.386294,0.000000,0.000000,1,
2,Lattice,1.386294,0.000000,0.000000,1,
3,Complete Graph,6.591674,1.386294,4.754888,0,
3,Path Graph,3.295837,0.980258,3.362213,1,
3,Cycle Graph,6.591674,1.386294,4.754888,0,
3,Complete Bipartite,3.295837,0.980258,3.362213,1,
3,Star Graph,3.295837,0.980258,3.362213,1,
3,Random Tree,3.295837,0.980258,3.362213,1,
3,Lattice,3.295837,0.980258,3.362213,1,
4,Complete Graph,16.635532,3.295837,5.047438,-2,
4,Path Graph,5.265490,0.962424,5.471073,1,
4,Cycle Graph,8.317766,2.772589,3.000000,0,
4,Complete Bipartite,8.317766,2.772589,3.000000,0,
4,Star Graph,5.545177,1.902852,2.914140,1,
4,Random Tree,5.265490,0.962424,5.471073,1,
4,Lattice,8.317766,2.772589,3.000000,0,
5,Complete Graph,32.188758,5.545177,5.804820,-5,
5,Path Graph,7.251662,1.902852,3.810943,1,
5,Cycle Graph,10.199234,2.348718,4.342469,0,
5,Complete Bipartite,14.115615,4.388896,3.216211,-1,
5,Star Graph,8.047190,2.772589,2.902410,1,
5,Random Tree,7.251662,1.902852,3.810943,1,
5,Lattice,10.612529,2.695437,3.937220,0,
6,Complete Graph,53.752784,8.047190,6.679697,-9,
6,Path Graph,9.244207,1.952065,4.735605,1,
6,Cycle Graph,12.136851,2.772589,4.377444,0,
6,Complete Bipartite,23.933904,6.591674,3.630930,-3,
6,Star Graph,10.750557,3.598813,2.987251,1,
6,Random Tree,9.565756,1.862460,5.136088,1,
6,Lattice,16.025158,3.525494,4.545507,-1,
7,Complete Graph,81.728226,10.750557,7.602232,-14,
7,Path Graph,11.239731,2.839890,3.957805,1,
7,Cycle Graph,14.099890,3.338359,4.223599,0,
7,Complete Bipartite,34.599237,8.607969,4.019442,-5,
7,Star Graph,13.621371,4.388896,3.103598,1,
7,Random Tree,11.566215,2.796538,4.135905,1,
7,Lattice,18.354990,4.394266,4.177032,-1,
8,Complete Graph,116.448726,13.621371,8.548972,-20,
8,Path Graph,13.236834,2.944268,4.495798,1,
8,Cycle Graph,16.076157,4.733105,3.396535,0,
8,Complete Bipartite,49.906597,11.090355,4.500000,-8,
8,Star Graph,16.635532,5.148394,3.231208,1,
8,Random Tree,14.438686,3.615053,3.994045,1,
8,Lattice,24.028758,6.087255,3.947388,-2,
9,Complete Graph,158.200170,16.635532,9.509775,-27,
9,Path Graph,15.234851,3.788715,4.021113,1,
9,Cycle Graph,18.060001,4.330562,4.170359,0,
9,Complete Bipartite,66.097300,13.397322,4.933620,-11,
9,Star Graph,19.775021,5.881549,3.362213,1,
9,Random Tree,15.914878,3.773765,4.217242,1,
9,Lattice,29.818880,7.842065,3.802427,-3,
10,Complete Graph,207.232658,19.775021,10.479516,-35,
10,Path Graph,17.233435,3.935840,4.378591,1,
10,Cycle Graph,20.048501,4.697436,4.267967,0,
10,Complete Bipartite,87.403367,16.094379,5.430677,-15,
10,Star Graph,23.025851,6.591674,3.493172,1,
10,Random Tree,18.474181,4.547292,4.062678,1,
10,Lattice,31.830418,6.999711,4.547390,-3,
11,Complete Graph,263.768480,23.025851,11.455320,-44,
11,Path Graph,19.232387,4.745570,4.052703,1,
11,Cycle Graph,22.040023,5.322135,4.141200,0,
11,Complete Bipartite,109.615023,18.629125,5.884067,-19,
11,Star Graph,26.376848,7.281413,3.622490,1,
11,Random Tree,20.241961,4.597019,4.403280,1,
11,Lattice,37.873644,8.698764,4.353911,-4,
12,Complete Graph,328.007678,26.376848,12.435439,-54,
12,Path Graph,21.231591,4.926357,4.309795,1,
12,Cycle Graph,24.033592,6.578293,3.653469,0,
12,Complete Bipartite,137.324448,21.501114,6.386853,-24,
12,Star Graph,29.818880,7.952919,3.749426,1,
12,Random Tree,22.468703,5.498163,4.086584,1,
12,Lattice,43.689774,9.560792,4.569681,-5,
13,Complete Graph,400.132100,29.818880,13.418750,-65,
13,Path Graph,23.230972,5.707977,4.069913,1,
13,Cycle Graph,26.028597,6.312652,4.123243,0,
13,Complete Bipartite,165.954538,24.222868,6.851152,-29,
13,Star Graph,33.344342,8.607969,3.873660,1,
13,Random Tree,24.797045,6.406924,3.870351,1,
13,Lattice,46.053744,10.386862,4.433846,-5,
14,Complete Graph,480.308434,33.344342,14.404496,-77,
14,Path Graph,25.230481,5.915895,4.264863,1,
14,Cycle Graph,28.024640,6.676718,4.197367,0,
14,Complete Bipartite,200.403255,27.242742,7.356207,-35,
14,Star Graph,36.946803,9.248056,3.995088,1,
14,Random Tree,27.394888,7.275438,3.765394,1,
14,Lattice,51.767154,11.983228,4.319967,-6,
15,Complete Graph,568.690542,36.946803,15.392145,-90,
15,Path Graph,27.230085,6.674352,4.079809,1,
15,Cycle Graph,30.021452,7.302190,4.111295,0,
15,Complete Bipartite,235.783544,30.122974,7.827366,-41,
15,Star Graph,40.620753,9.874448,4.113724,1,
15,Random Tree,30.194408,8.117165,3.719822,1,
15,Lattice,57.832007,13.595342,4.253810,-7,
16,Complete Graph,665.421293,40.620753,16.381314,-104,
16,Path Graph,29.229761,6.904612,4.233368,1,
16,Cycle Graph,32.018846,8.452370,3.788150,0,
16,Complete Bipartite,277.258872,33.271065,8.333333,-48,
16,Star Graph,44.361420,10.488233,4.229637,1,
16,Random Tree,31.460686,8.206034,3.833848,1,
16,Lattice,63.672740,15.322169,4.155596,-8,
17,Complete Graph,770.634030,44.361420,17.371717,-119,
17,Path Graph,31.229493,7.643658,4.085674,1,
17,Cycle Graph,34.016687,8.290906,4.102892,0,
17,Complete Bipartite,319.674034,36.288715,8.809186,-55,
17,Star Graph,48.164627,11.090355,4.342929,1,
17,Random Tree,35.081308,7.958246,4.408171,1,
17,Lattice,65.661952,14.604814,4.495912,-8,
18,Complete Graph,884.453758,48.164627,18.363139,-135,
18,Path Graph,33.229268,7.892655,4.210151,1,
18,Cycle Graph,36.014880,8.661124,4.158222,0,
18,Complete Bipartite,368.427031,39.550042,9.315465,-63,
18,Star Graph,52.026692,11.681638,4.453715,1,
18,Random Tree,36.017576,10.059556,3.580434,1,
18,Lattice,71.741371,15.545306,4.614986,-9,
19,Complete Graph,1006.998131,52.026692,19.355414,-152,
19,Path Graph,35.229077,8.615190,4.089182,1,
19,Cycle Graph,38.013351,9.278949,4.096730,0,
19,Complete Bipartite,418.126339,42.688943,9.794722,-71,
19,Star Graph,55.944341,12.262809,4.562115,1,
19,Random Tree,40.996554,10.468158,3.916310,1,
19,Lattice,77.829844,17.193262,4.526764,-10,
20,Complete Graph,1138.378264,55.944341,20.348408,-170,
20,Path Graph,37.228915,8.880147,4.192376,1,
20,Cycle Graph,40.012047,10.350018,3.865891,0,
20,Complete Bipartite,474.379962,46.051702,10.301030,-80,
20,Star Graph,59.914645,12.834512,4.668245,1,
20,Random Tree,40.259008,10.010509,4.021674,1,
20,Lattice,83.675364,18.090824,4.625293,-11,
21,Complete Graph,1278.699424,59.914645,21.342018,-189,
21,Path Graph,39.228775,9.588455,4.091251,1,
21,Cycle Graph,42.010924,10.266441,4.092063,0,
21,Complete Bipartite,531.585112,49.299054,10.782866,-89,
21,Star Graph,63.934971,13.397322,4.772220,1,
21,Random Tree,42.965482,10.886992,3.946497,1,
21,Lattice,86.046684,18.885980,4.556114,-11,
22,Complete Graph,1428.061613,63.934971,22.336158,-209,
22,Path Graph,41.228654,9.867185,4.178360,1,
22,Cycle Graph,44.009952,10.644270,4.134615,0,
22,Complete Bipartite,595.539894,52.753696,11.289065,-99,
22,Star Graph,68.002934,13.951755,4.874149,1,
22,Random Tree,44.258333,11.929342,3.710040,1,
22,Lattice,91.767878,20.442844,4.488998,-12,
23,Complete Graph,1586.560073,68.002934,23.330759,-230,
23,Path Graph,43.228548,10.563095,4.092413,1,
23,Cycle Graph,46.009104,11.253480,4.088434,0,
23,Complete Bipartite,660.450493,56.099123,11.772920,-109,
23,Star Graph,72.116367,14.498274,4.974135,1,
23,Random Tree,47.592022,9.921173,4.797016,1,
23,Lattice,97.851416,21.986838,4.450454,-13,
24,Complete Graph,1754.285714,72.116367,24.325764,-252,
24,Path Graph,45.228455,10.853847,4.167044,1,
24,Cycle Graph,48.008360,12.263729,3.914662,0,
24,Complete Bipartite,732.288647,59.637760,12.278943,-120,
24,Star Graph,76.273292,15.037302,5.072272,1,
24,Random Tree,50.143234,11.618804,4.315697,1,
24,Lattice,103.944366,23.560474,4.411811,-14,
25,Complete Graph,1931.325495,76.273292,25.321124,-275,
25,Path Graph,47.228373,11.538846,4.092989,1,
25,Cycle Graph,50.007704,12.240141,4.085550,0,
25,Complete Bipartite,805.086211,63.072681,12.764420,-131,
25,Star Graph,80.471896,15.569221,5.168653,1,
25,Random Tree,52.358220,12.625486,4.147026,1,
25,Lattice,109.794360,25.256359,4.347197,-15,
26,Complete Graph,2117.762750,80.471896,26.316800,-299,
26,Path Graph,49.228301,11.840193,4.157728,1,
26,Cycle Graph,52.007122,12.625303,4.119277,0,
26,Complete Bipartite,884.974710,66.688683,13.270238,-143,
26,Star Graph,84.710510,16.094379,5.263360,1,
26,Random Tree,55.437375,13.394893,4.138695,1,
26,Lattice,111.779303,24.093044,4.639484,-15,
27,Complete Graph,2313.677480,84.710510,27.312756,-324,
27,Path Graph,51.228236,12.515510,4.093180,1,
27,Cycle Graph,54.006603,13.226487,4.083216,0,
27,Complete Bipartite,965.825668,70.205888,13.757046,-155,
27,Star Graph,88.987595,16.613098,5.356472,1,
27,Random Tree,55.873505,13.645452,4.094661,1,
27,Lattice,117.865568,25.614348,4.601545,-16,
28,Complete Graph,2519.146610,88.987595,28.308964,-350,
28,Path Graph,53.228178,12.826272,4.149934,1,
28,Cycle Graph,56.006140,14.188543,3.947279,0,
28,Complete Bipartite,1053.918594,73.893605,14.262650,-168,
28,Star Graph,93.301726,17.125671,5.448063,1,
28,Random Tree,60.621764,14.163639,4.280098,1,
28,Lattice,123.972150,26.579684,4.664169,-17,
29,Complete Graph,2734.244214,93.301726,29.305398,-377,
29,Path Graph,55.228126,13.492933,4.093115,1,
29,Cycle Graph,58.005723,14.212566,4.081298,0,
29,Complete Bipartite,1142.976605,77.486950,14.750569,-181,
29,Star Graph,97.651579,17.632369,5.538200,1,
29,Random Tree,63.631694,14.820676,4.293441,1,
29,Lattice,130.069338,28.191708,4.613745,-18,
30,Complete Graph,2959.041722,97.651579,30.302037,-405,
30,Path Graph,57.228079,13.812123,4.143322,1,
30,Cycle Graph,60.005348,14.604379,4.108723,0,
30,Complete Bipartite,1239.417006,81.241506,15.255958,-195,
30,Star Graph,102.035921,18.133443,5.626947,1,
30,Random Tree,64.803960,16.009179,4.047925,1,
30,Lattice,135.920715,29.119448,4.667696,-19,
31,Complete Graph,3193.608100,102.035921,31.298861,-434,
31,Path Graph,59.228037,14.470993,4.092880,1,
31,Cycle Graph,62.005008,15.198418,4.079702,0,
31,Complete Bipartite,1336.824772,84.905693,15.744819,-209,
31,Star Graph,106.453603,18.629125,5.714364,1,
31,Random Tree,68.245928,16.777037,4.067818,1,
31,Lattice,138.294385,29.889330,4.626881,-19,
32,Complete Graph,3438.010016,106.453603,32.295854,-464,
32,Path Graph,61.227998,14.797779,4.137648,1,
32,Cycle Graph,64.004699,16.121293,3.970196,0,
32,Complete Bipartite,1441.746136,88.722839,16.250000,-224,
32,Star Graph,110.903549,19.119632,5.800507,1,
32,Random Tree,68.255972,16.002147,4.265426,1,
32,Lattice,144.017986,31.420471,4.583572,-20,
33,Complete Graph,3692.311985,110.903549,33.293001,-495,
33,Path Graph,63.227963,15.449595,4.092532,1,
33,Cycle Graph,66.004419,16.184073,4.078356,0,
33,Complete Bipartite,1547.636865,92.453256,16.739669,-239,
33,Star Graph,115.384750,19.605163,5.885427,1,
33,Random Tree,72.024818,17.654914,4.079590,1,
33,Lattice,150.105510,32.933399,4.557850,-21,
34,Complete Graph,3956.576509,115.384750,34.290290,-527,
34,Path Graph,65.227931,15.783265,4.132727,1,
34,Cycle Graph,68.004162,16.581812,4.101130,0,
34,Complete Bipartite,1661.164317,96.329254,17.244651,-255,
34,Star Graph,119.896258,20.085907,5.969173,1,
34,Random Tree,73.229112,17.793514,4.115495,1,
34,Lattice,156.213419,34.453293,4.534063,-22,
35,Complete Graph,4230.864193,119.896258,35.287708,-560,
35,Path Graph,67.227902,16.428662,4.092111,1,
35,Cycle Graph,70.003928,17.169559,4.077212,0,
35,Complete Bipartite,1775.662905,100.121848,17.735019,-271,
35,Star Graph,124.437182,20.562039,6.051792,1,
35,Random Tree,74.860773,17.950873,4.170314,1,
35,Lattice,162.311994,35.997331,4.509001,-23,
36,Complete Graph,4515.233862,124.437182,36.285247,-594,
36,Path Graph,69.227875,16.768603,4.128422,1,
36,Cycle Graph,72.003713,18.059905,3.986937,0,
36,Complete Bipartite,1897.914198,104.053383,18.239812,-288,
36,Star Graph,129.006682,21.033723,6.133326,1,
36,Random Tree,80.285749,19.229862,4.175056,1,
36,Lattice,168.164659,37.664301,4.464829,-24,
37,Complete Graph,4809.742660,129.006682,37.282896,-629,
37,Path Graph,71.227850,17.408130,4.091643,1,
37,Cycle Graph,74.003514,18.154898,4.076229,0,
37,Complete Bipartite,2021.138203,107.904567,18.730794,-305,
37,Star Graph,133.603963,21.501114,6.213816,1,
37,Random Tree,76.617061,18.242607,4.199897,1,
37,Lattice,170.148331,36.607147,4.647954,-24,
38,Complete Graph,5114.446141,133.603963,38.280647,-665,
38,Path Graph,73.227828,17.753812,4.124626,1,
38,Cycle Graph,76.003332,18.557898,4.095471,0,
38,Complete Bipartite,2152.224536,111.888681,19.235409,-323,
38,Star Graph,138.228274,21.964356,6.293300,1,
38,Random Tree,82.652865,19.540304,4.229866,1,
38,Lattice,176.236677,37.641225,4.682012,-25,
39,Complete Graph,5429.398360,138.228274,39.278493,-702,
39,Path Graph,75.227806,18.387948,4.091148,1,
39,Cycle Graph,78.003163,19.140106,4.075378,0,
39,Complete Bipartite,2284.284994,115.795255,19.726931,-341,
39,Star Graph,142.878904,22.423587,6.371813,1,
39,Random Tree,82.257385,19.074014,4.312537,1,
39,Lattice,182.347050,39.125556,4.660561,-26,
40,Complete Graph,5754.651948,142.878904,40.276428,-740,
40,Path Graph,77.227787,18.738906,4.121254,1,
40,Cycle Graph,80.003007,20.002969,3.999557,0,
40,Complete Bipartite,2424.311706,119.829291,20.231378,-360,
40,Star Graph,147.555178,22.878935,6.449390,1,
40,Random Tree,87.040215,20.486066,4.248752,1,
40,Lattice,188.459032,40.113561,4.698138,-27,
41,Complete Graph,6090.258189,147.555178,41.274446,-779,
41,Path Graph,79.227769,19.368072,4.090638,1,
41,Cycle Graph,82.002862,20.125200,4.074636,0,
41,Complete Bipartite,2565.313817,123.788385,20.723381,-379,
41,Star Graph,152.256455,23.330522,6.526063,1,
41,Random Tree,88.825901,21.373583,4.155873,1,
41,Lattice,194.558811,41.696263,4.666097,-28,
42,Complete Graph,6436.267083,152.256455,42.272540,-819,
42,Path Graph,81.227752,19.723898,4.118240,1,
42,Cycle Graph,84.002727,20.532882,4.091132,0,
42,Complete Bipartite,2714.380972,127.869942,21.227670,-399,
42,Star Graph,156.982124,23.778463,6.601862,1,
42,Random Tree,91.248624,21.363636,4.271212,1,
42,Lattice,200.411994,42.649551,4.699041,-29,
43,Complete Graph,6792.727409,156.982124,43.270706,-860,
43,Path Graph,83.227736,20.348466,4.090123,1,
43,Cycle Graph,86.002602,21.110192,4.073985,0,
43,Complete Bipartite,2864.424679,131.878968,21.720102,-419,
43,Star Graph,161.731605,24.222868,6.676815,1,
43,Random Tree,92.078999,21.668103,4.249518,1,
43,Lattice,202.786604,43.398102,4.672707,-29,
44,Complete Graph,7159.686787,161.731605,44.268940,-902,
44,Path Graph,85.227722,20.708800,4.115532,1,
44,Cycle Graph,88.002485,21.949498,4.009316,0,
44,Complete Bipartite,3022.627571,136.005868,22.224244,-440,
44,Star Graph,166.504344,24.663839,6.750950,1,
44,Random Tree,96.825896,22.981756,4.213163,1,
44,Lattice,208.511155,44.909591,4.642909,-30,
45,Complete Graph,7537.191730,166.504344,45.267238,-945,
45,Path Graph,87.227708,21.329100,4.089610,1,
45,Cycle Graph,90.002375,22.095094,4.073410,0,
45,Complete Bipartite,3181.808066,140.062479,22.717062,-461,
45,Star Graph,171.299812,25.101474,6.824293,1,
45,Random Tree,98.765984,23.078615,4.279546,1,
45,Lattice,214.599995,46.401201,4.624880,-31,
46,Complete Graph,7925.287691,171.299812,46.265595,-989,
46,Path Graph,89.227695,21.693621,4.113085,1,
46,Cycle Graph,92.002273,22.506959,4.087726,0,
46,Complete Bipartite,3349.237651,144.232734,23.221065,-483,
46,Star Graph,176.117504,25.535868,6.896868,1,
46,Random Tree,100.301874,24.174153,4.149137,1,
46,Lattice,220.710878,47.894983,4.608225,-32,
47,Complete Graph,8324.019115,176.117504,47.264008,-1034,
47,Path Graph,91.227683,22.309948,4.089103,1,
47,Cycle Graph,94.002178,23.079915,4.072900,0,
47,Complete Bipartite,3517.645800,148.334793,23.714233,-505,
47,Star Graph,180.956937,25.967109,6.968698,1,
47,Random Tree,104.777044,22.771405,4.601255,1,
47,Lattice,226.823392,49.395081,4.592024,-33,
48,Complete Graph,8733.429481,180.956937,48.262474,-1080,
48,Path Graph,93.227672,22.678368,4.110863,1,
48,Cycle Graph,96.002088,23.898778,4.017029,0,
48,Complete Bipartite,3694.389077,152.546584,24.218104,-528,
48,Star Graph,185.817649,26.395282,7.039805,1,
48,Random Tree,102.996566,24.296101,4.239222,1,
48,Lattice,232.923706,50.915129,4.574744,-34,
49,Complete Graph,9153.561341,185.817649,49.260990,-1127,
49,Path Graph,95.227662,23.290987,4.088606,1,
49,Cycle Graph,98.002003,24.064663,4.072444,0,
49,Complete Bipartite,3872.111800,156.692136,24.711590,-551,
49,Star Graph,190.699195,26.820467,7.110211,1,
49,Random Tree,107.153047,25.838671,4.147003,1,
49,Lattice,238.777374,52.556280,4.543270,-35,
50,Complete Graph,9584.456363,190.699195,50.259553,-1175,
50,Path Graph,97.227652,23.663050,4.108838,1,
50,Cycle Graph,100.001924,24.480283,4.084999,0,
50,Complete Bipartite,4058.252140,160.943791,25.215338,-575,
50,Star Graph,195.601150,27.242742,7.179936,1,
50,Random Tree,109.960468,24.801088,4.433695,1,
50,Lattice,240.760558,51.204394,4.701951,-35,
51,Complete Graph,10026.155363,195.601150,51.258162,-1224,
51,Path Graph,99.227642,24.272197,4.088120,1,
51,Cycle Graph,102.001849,25.049345,4.072037,0,
51,Complete Bipartite,4245.372738,165.131042,25.709114,-599,
51,Star Graph,200.523107,27.662180,7.248999,1,
51,Random Tree,110.111563,27.088009,4.064956,1,
51,Lattice,246.849720,52.630440,4.690246,-36,
52,Complete Graph,10478.698342,200.523107,52.256812,-1274,
52,Path Graph,101.227634,24.647673,4.106985,1,
52,Cycle Graph,104.001779,25.850281,4.023236,0,
52,Complete Bipartite,4440.990173,169.421020,26.212746,-624,
52,Star Graph,205.464673,28.078851,7.317417,1,
52,Random Tree,112.269870,27.135661,4.137355,1,
52,Lattice,252.961329,53.681837,4.712233,-37,
53,Complete Graph,10942.124514,205.464673,53.255503,-1325,
53,Path Graph,103.227625,25.253562,4.087646,1,
53,Cycle Graph,106.001712,26.033967,4.071670,0,
53,Complete Bipartite,4637.588616,173.648318,26.706787,-649,
53,Star Graph,210.425471,28.492824,7.385209,1,
53,Random Tree,114.818685,27.998760,4.100849,1,
53,Lattice,259.076222,55.142445,4.698309,-38,
54,Complete Graph,11416.472341,210.425471,54.254232,-1377,
54,Path Graph,105.227617,25.632241,4.105284,1,
54,Cycle Graph,108.001649,26.452975,4.082779,0,
54,Complete Bipartite,4842.760098,177.975191,27.210310,-675,
54,Star Graph,215.405139,28.904161,7.452392,1,
54,Random Tree,118.173376,27.625890,4.277632,1,
54,Lattice,265.189878,56.149675,4.722910,-39,
55,Complete Graph,11901.779560,215.405139,55.252997,-1430,
55,Path Graph,107.227610,26.235068,4.087186,1,
55,Cycle Graph,110.001590,27.018535,4.071338,0,
55,Complete Bipartite,5048.913284,182.241008,27.704595,-701,
55,Star Graph,220.403325,29.312927,7.518981,1,
55,Random Tree,118.505769,26.048777,4.549379,1,
55,Lattice,271.290638,57.707693,4.701117,-40,
56,Complete Graph,12398.083207,220.403325,56.251797,-1484,
56,Path Graph,109.227603,26.616760,4.103715,1,
56,Cycle Graph,112.001534,27.803609,4.028309,0,
56,Complete Bipartite,5263.712914,186.603453,28.208015,-728,
56,Star Graph,225.419695,29.719178,7.584991,1,
56,Random Tree,123.023527,29.654486,4.148564,1,
56,Lattice,277.144536,58.682768,4.722758,-41,
57,Complete Graph,12905.419647,225.419695,57.250630,-1539,
57,Path Graph,111.227596,27.216701,4.086741,1,
57,Cycle Graph,114.001480,28.003054,4.071037,0,
57,Complete Bipartite,5479.494893,190.906374,28.702525,-755,
57,Star Graph,230.453922,30.122974,7.650437,1,
57,Random Tree,122.778907,27.876426,4.404399,1,
57,Lattice,279.519581,59.413015,4.704686,-41,
58,Complete Graph,13423.824593,230.453922,58.249495,-1595,
58,Path Graph,113.227590,27.601233,4.102266,1,
58,Cycle Graph,116.001430,28.425133,4.080946,0,
58,Complete Bipartite,5703.994123,195.303158,29.205847,-783,
58,Star Graph,235.505695,30.524368,7.715334,1,
58,Random Tree,129.209657,28.081849,4.601181,1,
58,Lattice,285.244568,60.908476,4.683167,-42,
59,Complete Graph,13953.333133,235.505695,59.248390,-1652,
59,Path Graph,115.227584,28.198451,4.086309,1,
59,Cycle Graph,118.001382,28.987528,4.070764,0,
59,Complete Bipartite,5929.476303,199.641868,29.700565,-811,
59,Star Graph,240.574709,30.923413,7.779695,1,
59,Random Tree,135.249888,28.405934,4.761325,1,
59,Lattice,291.333957,62.383338,4.670060,-43,
60,Complete Graph,14493.979750,240.574709,60.247313,-1710,
60,Path Graph,117.227578,28.585665,4.100922,1,
60,Cycle Graph,120.001336,29.758454,4.032512,0,
60,Complete Bipartite,6163.744118,204.071843,30.203795,-840,
60,Star Graph,245.660674,31.320159,7.843532,1,
60,Random Tree,132.096506,30.320409,4.356686,1,
60,Lattice,297.445797,63.858736,4.657872,-44,
61,Complete Graph,15045.798343,245.660674,61.246263,-1769,
61,Path Graph,119.227573,29.180307,4.085892,1,
61,Cycle Graph,122.001292,29.971960,4.070514,0,
61,Complete Bipartite,6398.995446,208.445115,30.698707,-869,
61,Star Graph,250.763306,31.714657,7.906859,1,
61,Random Tree,133.662662,31.210109,4.282672,1,
61,Lattice,303.560929,65.336529,4.646113,-45,
62,Complete Graph,15608.822244,250.763306,62.245240,-1829,
62,Path Graph,121.227568,29.570059,4.099673,1,
62,Cycle Graph,124.001251,30.396836,4.079413,0,
62,Complete Bipartite,6643.098532,212.907207,31.201849,-899,
62,Star Graph,255.882332,32.106951,7.969686,1,
62,Random Tree,136.397175,32.068635,4.253289,1,
62,Lattice,309.674829,66.819807,4.634477,-46,
63,Complete Graph,16183.084241,255.882332,63.244242,-1890,
63,Path Graph,123.227563,30.162261,4.085488,1,
63,Cycle Graph,126.001212,30.956354,4.070286,0,
63,Complete Bipartite,6888.185658,217.313896,31.696941,-929,
63,Star Graph,261.017488,32.497089,8.032027,1,
63,Random Tree,144.587431,34.730583,4.163116,1,
63,Lattice,315.775829,68.319906,4.622018,-47,
64,Complete Graph,16768.616592,261.017488,64.243269,-1952,
64,Path Graph,125.227558,30.554418,4.098509,1,
64,Cycle Graph,128.001174,31.714574,4.036036,0,
64,Complete Bipartite,7142.188548,221.807098,32.200000,-960,
64,Star Graph,266.168517,32.885112,8.093891,1,
64,Random Tree,140.826563,31.933609,4.409980,1,
64,Lattice,321.629943,69.938271,4.598769,-48,
65,Complete Graph,17365.451043,266.168517,65.242318,-2015,
65,Path Graph,127.227554,31.144305,4.085099,1,
65,Cycle Graph,130.001138,31.940712,4.070076,0,
65,Complete Bipartite,7397.175972,226.246133,32.695259,-991,
65,Star Graph,271.335173,33.271065,8.155290,1,
65,Random Tree,140.948952,34.384671,4.099180,1,
65,Lattice,323.612907,68.655532,4.713574,-48,
66,Complete Graph,17973.618843,271.335173,66.241389,-2079,
66,Path Graph,129.227549,31.538744,4.097422,1,
66,Cycle Graph,132.001104,32.368147,4.078117,0,
66,Complete Bipartite,7661.141183,230.769499,33.198240,-1023,
66,Star Graph,276.517213,33.654986,8.216233,1,
66,Random Tree,148.870282,35.198359,4.229467,1,
66,Lattice,329.702445,69.752755,4.726730,-49,
67,Complete Graph,18593.150763,276.517213,67.240482,-2144,
67,Path Graph,131.227545,32.126431,4.084722,1,
67,Cycle Graph,134.001071,32.925039,4.069883,0,
67,Complete Bipartite,7926.091391,235.239875,33.693656,-1055,
67,Star Graph,281.714405,34.036916,8.276731,1,
67,Random Tree,146.760985,36.867053,3.980817,1,
67,Lattice,335.814565,71.155999,4.719413,-50,
68,Complete Graph,19224.077105,281.714405,68.239596,-2210,
68,Path Graph,133.227541,32.523040,4.096405,1,
68,Cycle Graph,136.001040,33.671778,4.039022,0,
68,Complete Bipartite,8200.079541,239.792516,34.196562,-1088,
68,Star Graph,286.926524,34.416892,8.336793,1,
68,Random Tree,154.470006,34.042086,4.537619,1,
68,Lattice,341.930386,72.222890,4.734377,-51,
69,Complete Graph,19866.427720,286.926524,69.238729,-2277,
69,Path Graph,135.227538,33.108634,4.084359,1,
69,Cycle Graph,138.001010,33.909335,4.069706,0,
69,Complete Bipartite,8475.053126,244.293287,34.692125,-1121,
69,Star Graph,292.153349,34.794952,8.396429,1,
69,Random Tree,152.774574,36.580768,4.176363,1,
69,Lattice,348.046633,73.665608,4.724683,-52,
70,Complete Graph,20520.232019,292.153349,70.237881,-2345,
70,Path Graph,137.227534,33.507309,4.095451,1,
70,Cycle Graph,140.000981,34.339119,4.077011,0,
70,Complete Bipartite,8759.123053,248.874364,35.194959,-1155,
70,Star Graph,297.394667,35.171130,8.455647,1,
70,Random Tree,153.297483,36.709480,4.175964,1,
70,Lattice,354.160952,74.689236,4.741794,-53,
71,Complete Graph,21185.518989,297.394667,71.237051,-2414,
71,Path Graph,139.227531,34.090907,4.084008,1,
71,Cycle Graph,142.000954,34.893603,4.069541,0,
71,Complete Bipartite,9044.178827,253.404640,35.690660,-1189,
71,Star Graph,302.650271,35.545461,8.514456,1,
71,Random Tree,162.234364,34.845613,4.655805,1,
71,Lattice,360.262149,76.226174,4.726226,-54,
72,Complete Graph,21862.317200,302.650271,72.236239,-2484,
72,Path Graph,141.227527,34.491551,4.094554,1,
72,Cycle Graph,144.000928,35.629912,4.041574,0,
72,Complete Bipartite,9338.387685,258.013364,36.193426,-1224,
72,Star Graph,307.919961,35.917979,8.572864,1,
72,Random Tree,159.573605,35.646431,4.476566,1,
72,Lattice,366.116377,77.220004,4.741212,-55,
73,Complete Graph,22550.654823,307.919961,73.235443,-2555,
73,Path Graph,143.227524,35.073246,4.083669,1,
73,Cycle Graph,146.000902,35.877845,4.069389,0,
73,Complete Bipartite,9633.582780,262.572305,36.689257,-1259,
73,Star Graph,313.203539,36.288715,8.630880,1,
73,Random Tree,160.480770,36.032107,4.453827,1,
73,Lattice,368.491647,77.934351,4.728231,-55,
74,Complete Graph,23250.559633,313.203539,74.234664,-2627,
74,Path Graph,145.227521,35.475769,4.093710,1,
74,Cycle Graph,148.000878,36.309795,4.076059,0,
74,Complete Bipartite,9937.986136,267.207926,37.191959,-1295,
74,Star Graph,318.500817,36.657702,8.688510,1,
74,Random Tree,164.730610,37.213462,4.426640,1,
74,Lattice,374.216857,79.416293,4.712092,-56,
75,Complete Graph,23962.059030,318.500817,75.233901,-2700,
75,Path Graph,147.227518,36.055647,4.083341,1,
75,Cycle Graph,150.000855,36.862063,4.069247,0,
75,Complete Bipartite,10243.376097,271.794740,37.687911,-1331,
75,Star Graph,323.811609,37.024968,8.745763,1,
75,Random Tree,166.924186,40.943896,4.076900,1,
75,Lattice,380.306511,80.877233,4.702269,-57,
76,Complete Graph,24685.180040,323.811609,76.233153,-2774,
76,Path Graph,149.227515,36.459964,4.092914,1,
76,Cycle Graph,152.000833,37.588848,4.043775,0,
76,Complete Bipartite,10558.028015,276.456548,38.190551,-1368,
76,Star Graph,329.135734,37.390544,8.802646,1,
76,Random Tree,167.034393,40.249807,4.149943,1,
76,Lattice,386.418748,82.337996,4.693079,-58,
77,Complete Graph,25419.949329,329.135734,77.232420,-2849,
77,Path Graph,151.227513,37.038104,4.083025,1,
77,Cycle Graph,154.000811,37.846259,4.069116,0,
77,Complete Bipartite,10873.666887,281.070485,38.686620,-1405,
77,Star Graph,334.473017,37.754458,8.859166,1,
77,Random Tree,172.643126,38.775892,4.452331,1,
77,Lattice,392.534690,83.799795,4.684196,-59,
78,Complete Graph,26166.393213,334.473017,78.231701,-2925,
78,Path Graph,153.227510,37.444139,4.092163,1,
78,Cycle Graph,156.000790,38.280212,4.075233,0,
78,Complete Bipartite,11198.620008,285.757808,39.189200,-1443,
78,Star Graph,339.823288,38.116738,8.915330,1,
78,Random Tree,172.339125,39.362606,4.378245,1,
78,Lattice,398.651061,85.263767,4.675504,-60,
79,Complete Graph,26924.537667,339.823288,79.230996,-3002,
79,Path Graph,155.227508,38.020614,4.082720,1,
79,Cycle Graph,158.000771,38.830433,4.068993,0,
79,Complete Bipartite,11524.560414,290.398155,39.685377,-1481,
79,Star Graph,345.186380,38.477411,8.971144,1,
79,Random Tree,177.477396,43.448312,4.084794,1,
79,Lattice,404.765504,86.732560,4.666823,-61,
80,Complete Graph,27694.408331,345.186380,80.230304,-3080,
80,Path Graph,157.227505,38.428294,4.091452,1,
80,Cycle Graph,160.000751,39.548484,4.045686,0,
80,Complete Bipartite,11859.866028,295.110356,40.187902,-1520,
80,Star Graph,350.562131,38.836502,9.026614,1,
80,Random Tree,178.989949,40.498859,4.419629,1,
80,Lattice,410.866821,88.215760,4.657522,-62,
81,Complete Graph,28476.030522,350.562131,81.229625,-3159,
81,Path Graph,159.227503,39.003174,4.082424,1,
81,Cycle Graph,162.000733,39.814588,4.068879,0,
81,Complete Bipartite,12196.159243,299.776439,40.684182,-1559,
81,Star Graph,355.950382,39.194038,9.081748,1,
81,Random Tree,183.203767,40.927544,4.476295,1,
81,Lattice,416.721158,89.814025,4.639823,-63,
82,Complete Graph,29269.429240,355.950382,82.228959,-3239,
82,Path Graph,161.227501,39.412430,4.090778,1,
82,Cycle Graph,164.000715,40.250400,4.074511,0,
82,Complete Bipartite,12541.867357,304.512909,41.186652,-1599,
82,Star Graph,361.350978,39.550042,9.136551,1,
82,Random Tree,178.021531,41.559730,4.283510,1,
82,Lattice,418.704011,88.317925,4.740872,-63,
83,Complete Graph,30074.629177,361.350978,83.228304,-3320,
83,Path Graph,163.227499,39.985780,4.082139,1,
83,Cycle Graph,166.000698,40.798724,4.068772,0,
83,Complete Bipartite,12888.563373,309.204086,41.683031,-1639,
83,Star Graph,366.763770,39.904540,9.191029,1,
83,Random Tree,184.326536,42.666274,4.320193,1,
83,Lattice,424.793742,89.691486,4.736166,-64,
84,Complete Graph,30891.654722,366.763770,84.227662,-3402,
84,Path Graph,165.227496,40.396548,4.090139,1,
84,Cycle Graph,168.000682,41.508733,4.047358,0,
84,Complete Bipartite,13244.722776,313.964248,42.185449,-1680,
84,Star Graph,372.188611,40.257554,9.245187,1,
84,Random Tree,188.847231,43.215684,4.369877,1,
84,Lattice,430.906107,90.798112,4.745761,-65,
85,Complete Graph,31720.529971,372.188611,85.227030,-3485,
85,Path Graph,167.227494,40.968430,4.081862,1,
85,Cycle Graph,170.000666,41.782843,4.068672,0,
85,Complete Bipartite,13601.870367,318.679907,42.681920,-1721,
85,Star Graph,377.625357,40.609107,9.299031,1,
85,Random Tree,191.330445,44.053202,4.343168,1,
85,Lattice,437.022311,92.186936,4.740610,-66,
86,Complete Graph,32561.278736,377.625357,86.226410,-3569,
86,Path Graph,169.227493,41.380651,4.089532,1,
86,Cycle Graph,172.000650,42.220385,4.073877,0,
86,Complete Bipartite,13968.528685,323.463210,43.184289,-1763,
86,Star Graph,383.073867,40.959221,9.352567,1,
86,Random Tree,193.642592,46.131878,4.197587,1,
86,Lattice,443.139355,93.266875,4.751305,-67,
87,Complete Graph,33413.924544,383.073867,87.225800,-3654,
87,Path Graph,171.227491,41.951120,4.081595,1,
87,Cycle Graph,174.000635,42.766945,4.068578,0,
87,Complete Bipartite,14336.175464,328.202771,43.680848,-1805,
87,Star Graph,388.534006,41.307917,9.405800,1,
87,Random Tree,195.375382,45.120084,4.330120,1,
87,Lattice,449.256132,94.695130,4.744237,-68,
88,Complete Graph,34278.490652,388.534006,88.225201,-3740,
88,Path Graph,173.227489,42.364738,4.088955,1,
88,Cycle Graph,176.000621,43.469522,4.048828,0,
88,Complete Bipartite,14713.379214,333.008688,44.183169,-1848,
88,Star Graph,394.005640,41.655218,9.458734,1,
88,Random Tree,197.927271,43.010846,4.601799,1,
88,Lattice,455.370757,95.732902,4.756680,-69,
89,Complete Graph,35155.000048,394.005640,89.224611,-3827,
89,Path Graph,175.227487,42.933849,4.081337,1,
89,Cycle Graph,178.000607,43.751032,4.068489,0,
89,Complete Bipartite,15091.571686,337.771596,44.679813,-1891,
89,Star Graph,399.488637,42.001142,9.511376,1,
89,Random Tree,195.526742,44.707977,4.373420,1,
89,Lattice,461.472173,97.251641,4.745135,-70,
90,Complete Graph,36043.475459,399.488637,90.224032,-3915,
90,Path Graph,177.227485,43.348810,4.088405,1,
90,Cycle Graph,180.000594,44.190188,4.073316,0,
90,Complete Bipartite,15479.366330,342.599624,45.182088,-1935,
90,Star Graph,404.982870,42.345711,9.563728,1,
90,Random Tree,202.380393,45.987828,4.400738,1,
90,Lattice,467.326572,98.261770,4.755935,-71,
91,Complete Graph,36943.939358,404.982870,91.223462,-4004,
91,Path Graph,179.227484,43.916615,4.081086,1,
91,Cycle Graph,182.000581,44.735105,4.068406,0,
91,Complete Bipartite,15868.149943,347.385350,45.678812,-1979,
91,Star Graph,410.488215,42.688943,9.615797,1,
91,Random Tree,203.480204,45.986829,4.424750,1,
91,Lattice,469.701967,98.962166,4.746278,-71,
92,Complete Graph,37856.413967,410.488215,92.222901,-4094,
92,Path Graph,181.227482,44.332869,4.087881,1,
92,Cycle Graph,184.000568,45.430790,4.050129,0,
92,Complete Bipartite,16266.579931,352.235008,46.181043,-2024,
92,Star Graph,416.004549,43.030857,9.667587,1,
92,Random Tree,208.324331,48.535100,4.292241,1,
92,Lattice,475.427301,100.432465,4.733801,-72,
93,Complete Graph,38780.921263,416.004549,93.222349,-4185,
93,Path Graph,183.227481,44.899414,4.080843,1,
93,Cycle Graph,186.000556,45.719163,4.068328,0,
93,Complete Bipartite,16665.999125,357.043046,46.677843,-2069,
93,Star Graph,421.531753,43.371472,9.719102,1,
93,Random Tree,206.347425,47.314841,4.361156,1,
93,Lattice,481.517097,101.881485,4.726247,-73,
94,Complete Graph,39717.482987,421.531753,94.221806,-4277,
94,Path Graph,185.227479,45.316915,4.087381,1,
94,Cycle Graph,188.000544,46.159830,4.072817,0,
94,Complete Bipartite,17075.107939,361.913875,47.180031,-2115,
94,Star Graph,427.069710,43.710807,9.770346,1,
94,Random Tree,208.501782,49.257824,4.232866,1,
94,Lattice,487.629526,103.329962,4.719149,-74,
95,Complete Graph,40666.120642,427.069710,95.221271,-4370,
95,Path Graph,187.227478,45.882245,4.080608,1,
95,Cycle Graph,190.000533,46.703209,4.068254,0,
95,Complete Bipartite,17485.206189,366.743739,47.676904,-2161,
95,Star Graph,432.618305,44.048877,9.821324,1,
95,Random Tree,205.374416,47.184499,4.352582,1,
95,Lattice,493.745796,104.778895,4.712264,-75,
96,Complete Graph,41626.855506,432.618305,96.220745,-4464,
96,Path Graph,189.227476,46.300948,4.086903,1,
96,Cycle Graph,192.000522,47.392485,4.051286,0,
96,Complete Bipartite,17905.036388,371.635297,48.179052,-2208,
96,Star Graph,438.177426,44.385702,9.872040,1,
96,Random Tree,215.870839,49.492040,4.361728,1,
96,Lattice,499.862908,106.228826,4.705530,-76,
97,Complete Graph,42599.708632,438.177426,97.220226,-4559,
97,Path Graph,191.227475,46.865107,4.080381,1,
97,Cycle Graph,194.000511,47.687243,4.068185,0,
97,Complete Bipartite,18325.856241,376.486525,48.675995,-2255,
97,Star Graph,443.746965,44.721296,9.922498,1,
97,Random Tree,219.183634,50.093218,4.375515,1,
97,Lattice,505.979754,107.680717,4.698889,-77,
98,Complete Graph,43584.700852,443.746965,98.219716,-4655,
98,Path Graph,193.227474,47.284970,4.086446,1,
98,Cycle Graph,196.000501,48.129326,4.072372,0,
98,Complete Bipartite,18756.449495,381.398389,49.178104,-2303,
98,Star Graph,449.326813,45.055678,9.972701,1,
98,Random Tree,219.990110,51.539746,4.268358,1,
98,Lattice,512.094447,109.136903,4.692221,-78,
99,Complete Graph,44581.852786,449.326813,99.219213,-4752,
99,Path Graph,195.227473,47.847998,4.080160,1,
99,Cycle Graph,198.000491,48.671265,4.068119,0,
99,Complete Bipartite,19188.032614,386.270536,49.675113,-2351,
99,Star Graph,454.916865,45.388862,10.022654,1,
99,Random Tree,225.879289,49.713753,4.543598,1,
99,Lattice,518.195928,110.605576,4.685080,-79,
100,Complete Graph,45591.184841,454.916865,100.218718,-4850,
100,Path Graph,197.227471,48.268981,4.086009,1,
100,Cycle Graph,200.000481,49.354562,4.052320,0,
100,Complete Bipartite,19629.429745,391.202301,50.177184,-2400,
100,Star Graph,460.517019,45.720865,10.072360,1,
100,Random Tree,222.971628,53.571445,4.162136,1,
100,Lattice,524.050387,112.186042,4.671262,-80,
1,Torus-Lattice,,,,,0.000000
4,Torus-Lattice,,,,,2.523719
9,Torus-Lattice,,,,,6.754888
16,Torus-Lattice,,,,,9.277148
25,Torus-Lattice,,,,,9.566134
36,Torus-Lattice,,,,,12.012662
49,Torus-Lattice,,,,,12.483781
64,Torus-Lattice,,,,,13.136226
81,Torus-Lattice,,,,,15.573006
100,Torus-Lattice,,,,,16.157089
121,Torus-Lattice,,,,,16.946813
144,Torus-Lattice,,,,,19.132372
169,Torus-Lattice,,,,,19.975440
196,Torus-Lattice,,,,,20.737040
